1,Pelota,Aerodinamica mejorada,790,2,https://d26lpennugtm8s.cloudfront.net/stores/144/702/products/soccer-ball-21-2866b54acb474d34ab15569017783473-1024-1024.png,2020-08-17 14:02:04.158-03,2020-08-17 14:02:04.158-03
2,Botines,Para Adultos,3500,10,https://http2.mlstatic.com/D_NQ_NP_783910-MLA40172802392_122019-O.webp,2020-08-17 14:05:31.513-03,2020-08-17 14:05:31.513-03
3,Guante Arquero,Uso Profesional,1350,5,https://http2.mlstatic.com/D_NQ_NP_657942-MLA31021083541_062019-O.webp,2020-08-17 14:22:27.649-03,2020-08-17 14:22:27.649-03
4,Medias Futbol,Antideslizante en la planta para un mejor agarre del botin,715,30,https://http2.mlstatic.com/D_NQ_NP_769405-MLA31356951130_072019-O.webp,2020-08-17 14:25:36.609-03,2020-08-17 14:25:36.609-03
5,Pelota Rugby,Oficial Naciones,3200,13,https://http2.mlstatic.com/D_NQ_NP_700542-MLA42036700080_062020-O.webp,2020-08-17 14:37:02.336-03,2020-08-17 14:37:02.336-03
6,Protector Bucal,Uso Profesional,350,130,https://http2.mlstatic.com/D_NQ_NP_660518-MLA32645334477_102019-O.webp,2020-08-17 14:38:19.353-03,2020-08-17 14:38:19.353-03
7,Casco Rugby,Falcon Gilbert,1200,32,https://http2.mlstatic.com/D_NQ_NP_860610-MLA31598374109_072019-O.webp,2020-08-17 14:39:50.536-03,2020-08-17 14:39:50.536-03
8,Soporte De Ayuda Para Line Up,Strap de Velcro ajustable,890,15,https://http2.mlstatic.com/D_NQ_NP_968958-MLA31097276457_062019-O.webp,2020-08-17 14:42:25.979-03,2020-08-17 14:42:25.979-03
9,Aro De Basket,Con Red Numero Cinco y Kit De Intalacion,630,17,https://http2.mlstatic.com/D_NQ_NP_925040-MLA31123770240_062019-O.webp,2020-08-17 15:15:22.128-03,2020-08-17 15:15:22.128-03
10,Pelota Basket,Slam Modelo Mil,1520,7,https://http2.mlstatic.com/D_NQ_NP_714219-MLA40034724281_122019-O.webp,2020-08-17 15:17:22.249-03,2020-08-17 15:17:22.249-03
11,Conjunto Basket Infantil Spurs,Spurs Nba Camiseta Short Ginobili,4350,2,https://http2.mlstatic.com/D_NQ_NP_880621-MLA31473464519_072019-O.webp,2020-08-17 15:18:26.549-03,2020-08-17 15:18:26.549-03
12,Zapatillas Basket,Peak Modelo Challenger Royal Nba,6200,3,https://http2.mlstatic.com/D_NQ_NP_854513-MLA32899904741_112019-O.webp,2020-08-17 15:24:45.121-03,2020-08-17 15:24:45.121-03
13,Tubo Pelotas Tenis,Para Polvo De Ladrillo,699,15,https://http2.mlstatic.com/D_NQ_NP_747162-MLA31063399957_062019-O.webp,2020-08-17 15:27:03.328-03,2020-08-17 15:27:03.328-03
14,Raqueta Tenis Babolat,Babolat Pure Aero Nadal,9500,5,https://http2.mlstatic.com/D_NQ_NP_912854-MLA42861952577_072020-O.webp,2020-08-17 15:30:08.54-03,2020-08-17 15:30:08.54-03
15,Raquetero Mochila,Novak Kossok Seis Raquetas,3300,12,https://http2.mlstatic.com/D_NQ_NP_775318-MLA40645823886_022020-O.webp,2020-08-17 15:31:35.256-03,2020-08-17 15:31:35.256-03
16,Munequera,Drb Toalla Super Larga,280,56,https://http2.mlstatic.com/D_NQ_NP_801639-MLA31047296137_062019-O.webp,2020-08-17 15:32:34.744-03,2020-08-17 15:32:34.744-03
17,Bolso,de mano,1500,3,"",2020-08-17 19:43:38.434-03,2020-08-17 19:43:38.434-03
